{"word": "人工智能", "frequency": 52, "similarity": 0.8016871213912964}
{"word": "人工智慧", "frequency": 2, "similarity": 0.7550581693649292}
{"word": "智能化", "frequency": 2, "similarity": 0.6381094455718994}
{"word": "智能", "frequency": 74, "similarity": 0.6233614683151245}
{"word": "应用领域", "frequency": 14, "similarity": 0.6186763048171997}
{"word": "人学", "frequency": 1, "similarity": 0.5768072605133057}
{"word": "应用", "frequency": 41, "similarity": 0.5707343220710754}
{"word": "工程师学", "frequency": 2, "similarity": 0.5624715089797974}
{"word": "应用层", "frequency": 2, "similarity": 0.5612959861755371}
{"word": "工程学院", "frequency": 1, "similarity": 0.556944727897644}
{"word": "科学技术", "frequency": 4, "similarity": 0.5514994859695435}
{"word": "网络应用", "frequency": 2, "similarity": 0.5486637949943542}
{"word": "技术类", "frequency": 2, "similarity": 0.5481209754943848}
{"word": "数据模型", "frequency": 2, "similarity": 0.5432620048522949}
{"word": "技术", "frequency": 124, "similarity": 0.5425596237182617}
{"word": "工商学院", "frequency": 2, "similarity": 0.5414465665817261}
{"word": "人腦", "frequency": 1, "similarity": 0.5407537221908569}
{"word": "人能", "frequency": 6, "similarity": 0.5397582650184631}
{"word": "人脑", "frequency": 3, "similarity": 0.535140872001648}
{"word": "全智能", "frequency": 2, "similarity": 0.5337371230125427}
{"word": "神器", "frequency": 2, "similarity": 0.5295920968055725}
{"word": "机器人", "frequency": 47, "similarity": 0.5284616947174072}
{"word": "技术含量", "frequency": 2, "similarity": 0.5211306810379028}
{"word": "科技", "frequency": 19, "similarity": 0.5174365043640137}
{"word": "工艺学", "frequency": 2, "similarity": 0.5151382088661194}
{"word": "核心技术", "frequency": 2, "similarity": 0.5134289264678955}
{"word": "工程师", "frequency": 41, "similarity": 0.5122686624526978}
{"word": "工具", "frequency": 41, "similarity": 0.5120865702629089}
{"word": "数据处理", "frequency": 2, "similarity": 0.5106914639472961}
{"word": "神经网络", "frequency": 30, "similarity": 0.510513424873352}
{"word": "人类", "frequency": 58, "similarity": 0.5082914233207703}
{"word": "何用", "frequency": 57, "similarity": 0.5080142021179199}
{"word": "华为技术", "frequency": 2, "similarity": 0.5068327188491821}
{"word": "聊天工具", "frequency": 2, "similarity": 0.5051013231277466}
{"word": "信息化", "frequency": 2, "similarity": 0.5040010213851929}
{"word": "科软", "frequency": 1, "similarity": 0.5032821297645569}
{"word": "人才", "frequency": 103, "similarity": 0.5011651515960693}
